<?xml version="1.0" encoding="UTF-8"?>
<!--SCORM 1.2 Content Package document generated by HotPotatoes: Masher Version 6.3 Release 0 Build 5.-->
<manifest xmlns="http://www.imsproject.org/xsd/imscp_rootv1p1p2" xmlns:imsmd="http://www.imsglobal.org/xsd/imsmd_rootv1p2p1" xmlns:xsi="http://www.w3.org/2001/XMLSchema-instance" xmlns:adlcp="http://www.adlnet.org/xsd/adlcp_rootv1p2" identifier="MANIFEST-B206AF74-F399-47D8-946E-D4722E9DA0E0" xsi:schemaLocation="http://www.imsproject.org/xsd/imscp_rootv1p1p2 imscp_rootv1p1p2.xsd http://www.imsglobal.org/xsd/imsmd_rootv1p2p1 imsmd_rootv1p2p1.xsd http://www.adlnet.org/xsd/adlcp_rootv1p2 adlcp_rootv1p2.xsd">
  <metadata>
    <imsmd:lom>
      <imsmd:general>
        <imsmd:identifier />
        <imsmd:title>
          <imsmd:langstring xml:lang="en"></imsmd:langstring>
        </imsmd:title>
      </imsmd:general>
    </imsmd:lom>
  </metadata>
  <organizations default="ORG-03344B28-0860-4189-895F-194EAD771E47">
    <organization identifier="ORG-03344B28-0860-4189-895F-194EAD771E47" structure="hierarchical">
      <title>Organization</title>
      <item identifier="ITEM-2AF0AA1F-FCA2-4DE4-AB6F-30606CD804F7" identifierref="RES-EA464C0D-22D2-4EF3-A598-2EDF6A5D9A38" isvisible="true">
        <title></title>
		
      </item><item identifier="ITEM-4A63B435-0C90-4325-9118-8B3CD78E4A16" identifierref="RES-3321C30A-7A7C-4868-BD7A-E7691BDFD7B3" isvisible="true">
        <title>Exerc&#x00ED;cios PAA</title>
		
      </item>
    </organization>
  </organizations>
  <resources>
    <resource identifier="RES-EA464C0D-22D2-4EF3-A598-2EDF6A5D9A38" type="webcontent" adlcp:scormtype="asset" href="index.htm">
      <file href="index.htm" />
	  
    </resource><resource identifier="RES-3321C30A-7A7C-4868-BD7A-E7691BDFD7B3" type="webcontent" adlcp:scormtype="sco" href="140033599.htm">
      <file href="140033599.htm" />
	  
    </resource>
	
  </resources>
</manifest>

